<manifest alg="2" build="2015.0.2.310" opt="true" iceEnabled="true" iceMarkupVersion="2" exportTarget="other" domain="opendesign.com" resolutions="1x" timestamp="1453167209369">
  <folder name="css">
    <file name="site_global.css" crc="4083675320"/>
    <file name="master_chapters.css" crc="3953780730" ref="redestribute_power:connected_environment:substance_beneath:digital_divide:new_perspective:new_paradigm:liquid_network:expanding_possibilities:new_democracy"/>
    <file name="bibliography.css" crc="4129657161" ref="bibliography"/>
    <file name="redestribute_power.css" crc="3878708709" ref="redestribute_power"/>
    <file name="connected_environment.css" crc="407359401" ref="connected_environment"/>
    <file name="substance_beneath.css" crc="4001337112" ref="substance_beneath"/>
    <file name="digital_divide.css" crc="242209675" ref="digital_divide"/>
    <file name="new_perspective.css" crc="4023813407" ref="new_perspective"/>
    <file name="new_paradigm.css" crc="385398451" ref="new_paradigm"/>
    <file name="liquid_network.css" crc="3934031201" ref="liquid_network"/>
    <file name="expanding_possibilities.css" crc="303179207" ref="expanding_possibilities"/>
    <file name="new_democracy.css" crc="176528118" ref="new_democracy"/>
    <file name="index.css" crc="3844961024" ref="index"/>
  </folder>
  <folder name="scripts">
    <file name="jquery-1.8.3.min.js" crc="196614522" ref="index:substance_beneath:new_paradigm:new_democracy:connected_environment:new_perspective:expanding_possibilities:redestribute_power:digital_divide:liquid_network:bibliography"/>
    <file name="museutils.js" crc="275725342" ref="index:substance_beneath:new_paradigm:new_democracy:connected_environment:new_perspective:expanding_possibilities:redestribute_power:digital_divide:liquid_network:bibliography"/>
    <file name="jquery.scrolleffects.js" crc="206645848" ref="index:substance_beneath:new_paradigm:new_democracy:connected_environment:new_perspective:expanding_possibilities:redestribute_power:digital_divide:liquid_network:bibliography"/>
    <file name="jquery.watch.js" crc="3999102769" ref="index:substance_beneath:new_paradigm:new_democracy:connected_environment:new_perspective:expanding_possibilities:redestribute_power:digital_divide:liquid_network:bibliography"/>
    <file name="webpro.js" crc="3883484123" ref="index:substance_beneath:new_paradigm:new_democracy:connected_environment:new_perspective:expanding_possibilities:redestribute_power:digital_divide:liquid_network"/>
    <file name="musewpslideshow.js" crc="360574455" ref="index:substance_beneath:new_paradigm:new_democracy:connected_environment:new_perspective:expanding_possibilities:redestribute_power:digital_divide:liquid_network"/>
    <file name="jquery.museoverlay.js" crc="342093292" ref="index:substance_beneath:new_paradigm:new_democracy:connected_environment:new_perspective:expanding_possibilities:redestribute_power:digital_divide:liquid_network"/>
    <file name="touchswipe.js" crc="4218319045" ref="index:substance_beneath:new_paradigm:new_democracy:connected_environment:new_perspective:expanding_possibilities:redestribute_power:digital_divide:liquid_network"/>
    <file name="jquery.musepolyfill.bgsize.js" crc="185257658" ref="index:substance_beneath"/>
  </folder>
  <folder name="images">
    <file name="u134-4.png" crc="184953597" ref="index"/>
    <file name="u138-4.png" crc="919505" ref="index"/>
    <file name="u213-4.png" crc="153598745" ref="index"/>
    <file name="u228-4.png" crc="243873512" ref="index"/>
    <file name="pasted svg 56145x52.svg" crc="3880356035" ref="index"/>
    <file name="pasted svg 56145x52_poster_.png" crc="536176002" ref="index"/>
    <file name="pasted svg 60x81.svg" crc="235194303" ref="index"/>
    <file name="pasted svg 60x81_poster_.png" crc="486419853" ref="index"/>
    <file name="u8646-4.png" crc="4290336248" ref="index"/>
    <file name="u8645-4.png" crc="3939888355" ref="index"/>
    <file name="pasted svg 46118x46.svg" crc="367106436" ref="index"/>
    <file name="pasted svg 46118x46_poster_.png" crc="176226508" ref="index"/>
    <file name="pasted svg 51682x54.svg" crc="297073446" ref="index"/>
    <file name="pasted svg 51682x54_poster_.png" crc="392023200" ref="index"/>
    <file name="pasted svg 56145x522.svg" crc="66123927" ref="index:substance_beneath:new_democracy:connected_environment:new_perspective:redestribute_power"/>
    <file name="pasted svg 56145x52_poster_2.png" crc="3952105352" ref="index"/>
    <file name="pasted svg 48533x48.svg" crc="249029070" ref="index:substance_beneath:new_paradigm:new_perspective:redestribute_power"/>
    <file name="pasted svg 48533x48_poster_.png" crc="3942420647" ref="index"/>
    <file name="pasted svg 8244x82.svg" crc="3795158211" ref="index:new_democracy:new_perspective:expanding_possibilities:liquid_network"/>
    <file name="pasted svg 8244x82_poster_.png" crc="506053154" ref="index"/>
    <file name="u9868-6.png" crc="340017380" ref="index"/>
    <file name="u9873-4.png" crc="3774293405" ref="index"/>
    <file name="u9927-6.png" crc="340017380" ref="index"/>
    <file name="u9928-4.png" crc="3770884984" ref="index"/>
    <file name="u9921-6.png" crc="3945130223" ref="index"/>
    <file name="u9922-4.png" crc="149397802" ref="index"/>
    <file name="u9932-6.png" crc="448502135" ref="index"/>
    <file name="u9933-4.png" crc="3776651557" ref="index"/>
    <file name="u105-6.png" crc="412042246" ref="index"/>
    <file name="u12061-4.png" crc="4264604628" ref="index"/>
    <file name="u13198-4.png" crc="98247857" ref="index"/>
    <file name="u13199-4.png" crc="160721760" ref="index"/>
    <file name="u13200-4.png" crc="3810069899" ref="index"/>
    <file name="u13201-4.png" crc="381771731" ref="index"/>
    <file name="u13202-4.png" crc="313671672" ref="index"/>
    <file name="u13203-4.png" crc="4106409054" ref="index"/>
    <file name="u13205-4.png" crc="155669795" ref="index"/>
    <file name="u13204-4.png" crc="3792334424" ref="index"/>
    <file name="u144-4.png" crc="454409978" ref="index"/>
    <file name="u155-4.png" crc="62314868" ref="index"/>
    <file name="u224-13.png" crc="76889155" ref="index"/>
    <file name="u140-4.png" crc="535455775" ref="index"/>
    <file name="u130-4.png" crc="4165894" ref="index"/>
    <file name="pasted svg 28389x32.svg" crc="3971302503" ref="index"/>
    <file name="pasted svg 28389x32_poster_.png" crc="529641780" ref="index"/>
    <file name="menu_btn-normal.png" crc="85139004" ref="index:substance_beneath"/>
    <file name="menu_btn-rollover.jpg" crc="4136556299" ref="index:substance_beneath"/>
    <file name="menu_btn-mouse down.jpg" crc="4136556299" ref="index:substance_beneath"/>
    <file name="menu_btn-active.jpg" crc="4136556299" ref="index:substance_beneath"/>
    <file name="u136-4.png" crc="4093244141" ref="index"/>
    <file name="blank.gif" crc="4208392903" ref="index:substance_beneath:new_paradigm:new_democracy:connected_environment:new_perspective:expanding_possibilities:redestribute_power:digital_divide:liquid_network:bibliography"/>
    <file name="u158.png" crc="4247046988" ref="index"/>
    <file name="u158-r.png" crc="4240126476" ref="index"/>
    <file name="u8935.png" crc="71935469" ref="index"/>
    <file name="u8935-r.png" crc="3914714782" ref="index"/>
    <file name="u9003.png" crc="4071469648" ref="index"/>
    <file name="u9003-r.png" crc="179538045" ref="index"/>
    <file name="u9011.png" crc="3882187312" ref="index"/>
    <file name="u9011-r.png" crc="3996926118" ref="index"/>
    <file name="u8963.png" crc="440170593" ref="index"/>
    <file name="u8963-r.png" crc="3858705384" ref="index"/>
    <file name="u8973.png" crc="249530249" ref="index"/>
    <file name="u8973-r.png" crc="3926989896" ref="index"/>
    <file name="u8979.png" crc="44423625" ref="index"/>
    <file name="u8979-r.png" crc="3889522298" ref="index"/>
    <file name="u8987.png" crc="4162898559" ref="index"/>
    <file name="u8987-r.png" crc="250564632" ref="index"/>
    <file name="u8997.png" crc="244065640" ref="index"/>
    <file name="u8997-r.png" crc="413241385" ref="index"/>
    <file name="u723-4.png" crc="4092823601" ref="substance_beneath"/>
    <file name="pasted svg 20015x206.svg" crc="3971805909" ref="substance_beneath:new_paradigm:new_democracy:connected_environment:new_perspective:expanding_possibilities:redestribute_power:digital_divide:liquid_network"/>
    <file name="pasted svg 20015x206_poster_.png" crc="3791701456" ref="substance_beneath"/>
    <file name="u12021.png" crc="4056360456" ref="substance_beneath:new_paradigm:new_democracy:connected_environment:new_perspective:expanding_possibilities:redestribute_power:digital_divide:liquid_network"/>
    <file name="u12021-r.png" crc="3986221786" ref="substance_beneath:new_paradigm:new_democracy:connected_environment:new_perspective:expanding_possibilities:redestribute_power:digital_divide:liquid_network"/>
    <file name="u12027.png" crc="3803470881" ref="substance_beneath:new_paradigm:new_democracy:connected_environment:new_perspective:expanding_possibilities:redestribute_power:digital_divide:liquid_network"/>
    <file name="u12027-r.png" crc="4119693265" ref="substance_beneath:new_paradigm:new_democracy:connected_environment:new_perspective:expanding_possibilities:redestribute_power:digital_divide:liquid_network"/>
    <file name="u12030.png" crc="3793012813" ref="substance_beneath:new_paradigm:new_democracy:connected_environment:new_perspective:expanding_possibilities:redestribute_power:digital_divide:liquid_network"/>
    <file name="u12030-r.png" crc="510439338" ref="substance_beneath:new_paradigm:new_democracy:connected_environment:new_perspective:expanding_possibilities:redestribute_power:digital_divide:liquid_network"/>
    <file name="u12038.png" crc="4109476409" ref="substance_beneath:new_paradigm:new_democracy:connected_environment:new_perspective:expanding_possibilities:redestribute_power:digital_divide:liquid_network"/>
    <file name="u12038-r.png" crc="408671609" ref="substance_beneath:new_paradigm:new_democracy:connected_environment:new_perspective:expanding_possibilities:redestribute_power:digital_divide:liquid_network"/>
    <file name="u12015.png" crc="469809761" ref="substance_beneath:new_paradigm:new_democracy:connected_environment:new_perspective:expanding_possibilities:redestribute_power:digital_divide:liquid_network"/>
    <file name="u12015-r.png" crc="455008878" ref="substance_beneath:new_paradigm:new_democracy:connected_environment:new_perspective:expanding_possibilities:redestribute_power:digital_divide:liquid_network"/>
    <file name="u12033.png" crc="131061538" ref="substance_beneath:new_paradigm:new_democracy:connected_environment:new_perspective:expanding_possibilities:redestribute_power:digital_divide:liquid_network"/>
    <file name="u12033-r.png" crc="58002299" ref="substance_beneath:new_paradigm:new_democracy:connected_environment:new_perspective:expanding_possibilities:redestribute_power:digital_divide:liquid_network"/>
    <file name="u12018.png" crc="3912426606" ref="substance_beneath:new_paradigm:new_democracy:connected_environment:new_perspective:expanding_possibilities:redestribute_power:digital_divide:liquid_network"/>
    <file name="u12018-r.png" crc="145387290" ref="substance_beneath:new_paradigm:new_democracy:connected_environment:new_perspective:expanding_possibilities:redestribute_power:digital_divide:liquid_network"/>
    <file name="u12012.png" crc="3893580383" ref="substance_beneath:new_paradigm:new_democracy:connected_environment:new_perspective:expanding_possibilities:redestribute_power:digital_divide:liquid_network"/>
    <file name="u12012-r.png" crc="277063843" ref="substance_beneath:new_paradigm:new_democracy:connected_environment:new_perspective:expanding_possibilities:redestribute_power:digital_divide:liquid_network"/>
    <file name="u12025.png" crc="195579181" ref="substance_beneath:new_paradigm:new_democracy:connected_environment:new_perspective:expanding_possibilities:redestribute_power:digital_divide:liquid_network"/>
    <file name="u12025-r.png" crc="4224398180" ref="substance_beneath:new_paradigm:new_democracy:connected_environment:new_perspective:expanding_possibilities:redestribute_power:digital_divide:liquid_network"/>
    <file name="u12042.png" crc="306342928" ref="substance_beneath:new_paradigm:new_democracy:connected_environment:new_perspective:expanding_possibilities:redestribute_power:digital_divide:liquid_network"/>
    <file name="u12042-r.png" crc="427004022" ref="substance_beneath:new_paradigm:new_democracy:connected_environment:new_perspective:expanding_possibilities:redestribute_power:digital_divide:liquid_network"/>
    <file name="u6974-4.png" crc="445278452" ref="substance_beneath"/>
    <file name="u6975-4.png" crc="739691" ref="substance_beneath"/>
    <file name="pasted svg 46118x462.svg" crc="364816274" ref="substance_beneath"/>
    <file name="pasted svg 46118x46_poster_2.png" crc="333843102" ref="substance_beneath"/>
    <file name="u662-5.png" crc="4007550602" ref="substance_beneath"/>
    <file name="u663-4.png" crc="300813146" ref="substance_beneath"/>
    <file name="pasted svg 51682x542.svg" crc="4220010359" ref="substance_beneath:new_paradigm:connected_environment:expanding_possibilities:redestribute_power:digital_divide:liquid_network"/>
    <file name="pasted svg 51682x54_poster_2.png" crc="4170165050" ref="substance_beneath"/>
    <file name="u10067-6.png" crc="4121497365" ref="substance_beneath"/>
    <file name="u10068-35.png" crc="3785036924" ref="substance_beneath"/>
    <file name="pasted svg 48533x482.svg" crc="383438146" ref="substance_beneath:connected_environment:expanding_possibilities:redestribute_power:liquid_network"/>
    <file name="pasted svg 48533x48_poster_2.png" crc="340080554" ref="substance_beneath"/>
    <file name="u11212-6.png" crc="508048364" ref="substance_beneath"/>
    <file name="u11214-8.png" crc="4208897505" ref="substance_beneath"/>
    <file name="u675-4.png" crc="480911179" ref="substance_beneath"/>
    <file name="u673-13.png" crc="73327971" ref="substance_beneath"/>
    <file name="u670-16.png" crc="4129143333" ref="substance_beneath"/>
    <file name="u671-20.png" crc="531730075" ref="substance_beneath"/>
    <file name="u764-4.png" crc="4057289047" ref="substance_beneath"/>
    <file name="u6993-4.png" crc="3966750527" ref="substance_beneath"/>
    <file name="u6992-4.png" crc="4111358444" ref="substance_beneath"/>
    <file name="pasted svg 46118x463.svg" crc="3839616283" ref="substance_beneath"/>
    <file name="pasted svg 46118x46_poster_3.png" crc="510639675" ref="substance_beneath"/>
    <file name="u7025-4.png" crc="189759330" ref="substance_beneath"/>
    <file name="u7024-4.png" crc="416076305" ref="substance_beneath"/>
    <file name="pasted svg 46118x464.svg" crc="243803080" ref="substance_beneath"/>
    <file name="pasted svg 46118x46_poster_4.png" crc="3834526493" ref="substance_beneath"/>
    <file name="u7086-4.png" crc="189759330" ref="substance_beneath"/>
    <file name="u7087-4.png" crc="416076305" ref="substance_beneath"/>
    <file name="pasted svg 46118x465.svg" crc="361430582" ref="substance_beneath"/>
    <file name="pasted svg 46118x46_poster_5.png" crc="4175056275" ref="substance_beneath"/>
    <file name="u10150-6.png" crc="3945130223" ref="substance_beneath"/>
    <file name="u10151-4.png" crc="484956795" ref="substance_beneath"/>
    <file name="u11007-6.png" crc="3785723424" ref="substance_beneath"/>
    <file name="u11009-4.png" crc="303405161" ref="substance_beneath"/>
    <file name="u11266-6.png" crc="508048364" ref="substance_beneath"/>
    <file name="u11268-4.png" crc="4191718186" ref="substance_beneath"/>
    <file name="u7009-4.png" crc="3832953471" ref="substance_beneath"/>
    <file name="u7008-4.png" crc="353261264" ref="substance_beneath"/>
    <file name="pasted svg 46118x466.svg" crc="486210994" ref="substance_beneath"/>
    <file name="pasted svg 46118x46_poster_6.png" crc="3977305432" ref="substance_beneath"/>
    <file name="u7057-4.png" crc="4291940354" ref="substance_beneath"/>
    <file name="u7056-4.png" crc="339292452" ref="substance_beneath"/>
    <file name="pasted svg 46118x467.svg" crc="105727745" ref="substance_beneath"/>
    <file name="pasted svg 46118x46_poster_7.png" crc="4246976156" ref="substance_beneath"/>
    <file name="u11235-6.png" crc="508048364" ref="substance_beneath"/>
    <file name="u11236-7.png" crc="4024495007" ref="substance_beneath"/>
    <file name="u672-10.png" crc="3877395273" ref="substance_beneath"/>
    <file name="u674-10.png" crc="4055894329" ref="substance_beneath"/>
    <file name="u677-10.png" crc="418893334" ref="substance_beneath"/>
    <file name="u12092-6.png" crc="3945130223" ref="substance_beneath"/>
    <file name="u12091-4.png" crc="224475838" ref="substance_beneath"/>
    <file name="pasted svg 56145x523.svg" crc="4155024265" ref="substance_beneath:new_democracy:new_perspective:expanding_possibilities:liquid_network"/>
    <file name="pasted svg 56145x52_poster_3.png" crc="3791977072" ref="substance_beneath"/>
    <file name="u13116-6.png" crc="158412420" ref="substance_beneath"/>
    <file name="u13117-4.png" crc="248536388" ref="substance_beneath"/>
    <file name="u900-10.png" crc="4213617425" ref="substance_beneath"/>
    <file name="u10750.png" crc="3838677069" ref="substance_beneath"/>
    <file name="u10750-r.png" crc="3957106065" ref="substance_beneath"/>
    <file name="u2489-4.png" crc="4166426773" ref="new_paradigm"/>
    <file name="u2480-5.png" crc="3778157028" ref="new_paradigm"/>
    <file name="u2494-4.png" crc="4082750" ref="new_paradigm"/>
    <file name="u4168-4.png" crc="4025304354" ref="new_paradigm"/>
    <file name="u4169-4.png" crc="189716884" ref="new_paradigm"/>
    <file name="pasted svg 46118x468.svg" crc="336002493" ref="new_paradigm"/>
    <file name="pasted svg 46118x46_poster_8.png" crc="4057430861" ref="new_paradigm"/>
    <file name="u10400-6.png" crc="378333478" ref="new_paradigm"/>
    <file name="u10401-7.png" crc="4137750824" ref="new_paradigm"/>
    <file name="u4137-7.png" crc="160615897" ref="new_paradigm"/>
    <file name="u4117-14.png" crc="483782022" ref="new_paradigm"/>
    <file name="u2481-10.png" crc="351066061" ref="new_paradigm"/>
    <file name="u4119-4.png" crc="211609125" ref="new_paradigm"/>
    <file name="u4123-4.png" crc="85637590" ref="new_paradigm"/>
    <file name="u4127-4.png" crc="514632570" ref="new_paradigm"/>
    <file name="u4132-4.png" crc="509474422" ref="new_paradigm"/>
    <file name="u10606-6.png" crc="3945130223" ref="new_paradigm"/>
    <file name="u10605-7.png" crc="195328331" ref="new_paradigm"/>
    <file name="u8496-4.png" crc="4291940354" ref="new_paradigm"/>
    <file name="u8497-4.png" crc="339292452" ref="new_paradigm"/>
    <file name="pasted svg 46118x469.svg" crc="3887766944" ref="new_paradigm"/>
    <file name="pasted svg 46118x46_poster_9.png" crc="290639243" ref="new_paradigm"/>
    <file name="u4096-4.png" crc="450783794" ref="new_paradigm"/>
    <file name="u4110-4.png" crc="71270165" ref="new_paradigm"/>
    <file name="u4115-4.png" crc="3772212454" ref="new_paradigm"/>
    <file name="pasted svg 48533x59.svg" crc="29449561" ref="new_paradigm:connected_environment:new_perspective:expanding_possibilities:liquid_network"/>
    <file name="pasted svg 48533x59_poster_.png" crc="4235188380" ref="new_paradigm"/>
    <file name="u11195-6.png" crc="4144558040" ref="new_paradigm"/>
    <file name="u11194-4.png" crc="4234273889" ref="new_paradigm"/>
    <file name="u13171-4.png" crc="4291940354" ref="new_paradigm"/>
    <file name="u13172-4.png" crc="339292452" ref="new_paradigm"/>
    <file name="pasted svg 46118x4610.svg" crc="4042022839" ref="new_paradigm"/>
    <file name="pasted svg 46118x46_poster_10.png" crc="3909674118" ref="new_paradigm"/>
    <file name="u2492-11.png" crc="112299783" ref="new_paradigm"/>
    <file name="u2482-8.png" crc="130354248" ref="new_paradigm"/>
    <file name="pasted svg 51682x50.svg" crc="3958251455" ref="new_paradigm:new_democracy:connected_environment:new_perspective:expanding_possibilities:redestribute_power:liquid_network"/>
    <file name="pasted svg 51682x50_poster_.png" crc="388493005" ref="new_paradigm"/>
    <file name="u11462-6.png" crc="4285283275" ref="new_paradigm"/>
    <file name="u11460-7.png" crc="341660531" ref="new_paradigm"/>
    <file name="u13084-6.png" crc="3824537895" ref="new_paradigm"/>
    <file name="u13082-4.png" crc="4129423310" ref="new_paradigm"/>
    <file name="pasted svg 51682x48.svg" crc="118008790" ref="new_paradigm"/>
    <file name="pasted svg 51682x48_poster_.png" crc="4074164880" ref="new_paradigm"/>
    <file name="u11421-6.png" crc="508048364" ref="new_paradigm"/>
    <file name="u11420-4.png" crc="4189186428" ref="new_paradigm"/>
    <file name="u2498-7.png" crc="462849267" ref="new_paradigm"/>
    <file name="u2485-8.png" crc="4272160685" ref="new_paradigm"/>
    <file name="u8529-4.png" crc="4078587376" ref="new_paradigm"/>
    <file name="u8528-3.png" crc="3991474586" ref="new_paradigm"/>
    <file name="pasted svg 46118x4611.svg" crc="3983704891" ref="new_paradigm"/>
    <file name="pasted svg 46118x46_poster_11.png" crc="151659877" ref="new_paradigm"/>
    <file name="u10988-6.png" crc="4258470776" ref="new_paradigm"/>
    <file name="u10989-7.png" crc="159244728" ref="new_paradigm"/>
    <file name="u11710.png" crc="85022074" ref="new_paradigm"/>
    <file name="u11710-r.png" crc="3970626115" ref="new_paradigm"/>
    <file name="u2634-4.png" crc="224598165" ref="new_democracy"/>
    <file name="u2625-7.png" crc="4019197774" ref="new_democracy"/>
    <file name="u8187-4.png" crc="248882697" ref="new_democracy"/>
    <file name="u10432-6.png" crc="4028109640" ref="new_democracy"/>
    <file name="u10434-6.png" crc="23252852" ref="new_democracy"/>
    <file name="u2637-12.png" crc="148943063" ref="new_democracy"/>
    <file name="u2627-7.png" crc="4083654962" ref="new_democracy"/>
    <file name="u5174-13.png" crc="81903784" ref="new_democracy"/>
    <file name="u5177-4.png" crc="178622332" ref="new_democracy"/>
    <file name="u5187-4.png" crc="349446713" ref="new_democracy"/>
    <file name="u5181-13.png" crc="9955907" ref="new_democracy"/>
    <file name="u5192-4.png" crc="3963048472" ref="new_democracy"/>
    <file name="u5194-4.png" crc="4031005745" ref="new_democracy"/>
    <file name="u5199-4.png" crc="3889803853" ref="new_democracy"/>
    <file name="u2641-7.png" crc="3810683012" ref="new_democracy"/>
    <file name="u5189-13.png" crc="4035895139" ref="new_democracy"/>
    <file name="u5206-7.png" crc="4050664332" ref="new_democracy"/>
    <file name="u5209-9.png" crc="4254287136" ref="new_democracy"/>
    <file name="u5196-7.png" crc="4232433009" ref="new_democracy"/>
    <file name="u8244-4.png" crc="397920853" ref="new_democracy"/>
    <file name="u8245-4.png" crc="293334093" ref="new_democracy"/>
    <file name="pasted svg 46118x4612.svg" crc="4058420485" ref="new_democracy"/>
    <file name="pasted svg 46118x46_poster_12.png" crc="532152701" ref="new_democracy"/>
    <file name="u8273-4.png" crc="3966750527" ref="new_democracy"/>
    <file name="u8272-4.png" crc="4111358444" ref="new_democracy"/>
    <file name="pasted svg 46118x4613.svg" crc="3879697592" ref="new_democracy"/>
    <file name="pasted svg 46118x46_poster_13.png" crc="503890530" ref="new_democracy"/>
    <file name="u8296-4.png" crc="3966750527" ref="new_democracy"/>
    <file name="u8297-4.png" crc="4111358444" ref="new_democracy"/>
    <file name="pasted svg 46118x4614.svg" crc="4059204218" ref="new_democracy"/>
    <file name="pasted svg 46118x46_poster_14.png" crc="69322583" ref="new_democracy"/>
    <file name="u8304-4.png" crc="3966750527" ref="new_democracy"/>
    <file name="u8305-4.png" crc="4111358444" ref="new_democracy"/>
    <file name="pasted svg 46118x4615.svg" crc="4047585391" ref="new_democracy"/>
    <file name="pasted svg 46118x46_poster_15.png" crc="4254486272" ref="new_democracy"/>
    <file name="u8320-4.png" crc="3966750527" ref="new_democracy"/>
    <file name="u8321-4.png" crc="4111358444" ref="new_democracy"/>
    <file name="pasted svg 46118x4616.svg" crc="191472177" ref="new_democracy"/>
    <file name="pasted svg 46118x46_poster_16.png" crc="193577257" ref="new_democracy"/>
    <file name="u8336-4.png" crc="3966750527" ref="new_democracy"/>
    <file name="u8337-4.png" crc="4111358444" ref="new_democracy"/>
    <file name="pasted svg 46118x4617.svg" crc="3849297275" ref="new_democracy"/>
    <file name="pasted svg 46118x46_poster_17.png" crc="276643583" ref="new_democracy"/>
    <file name="u8374-4.png" crc="3966750527" ref="new_democracy"/>
    <file name="u8375-4.png" crc="4111358444" ref="new_democracy"/>
    <file name="pasted svg 46118x4618.svg" crc="3905156813" ref="new_democracy"/>
    <file name="pasted svg 46118x46_poster_18.png" crc="433859811" ref="new_democracy"/>
    <file name="u8384-4.png" crc="3966750527" ref="new_democracy"/>
    <file name="u8385-4.png" crc="4111358444" ref="new_democracy"/>
    <file name="pasted svg 46118x4619.svg" crc="129791618" ref="new_democracy"/>
    <file name="pasted svg 46118x46_poster_19.png" crc="216760231" ref="new_democracy"/>
    <file name="u8402-4.png" crc="3966750527" ref="new_democracy"/>
    <file name="u8403-4.png" crc="4111358444" ref="new_democracy"/>
    <file name="pasted svg 46118x4620.svg" crc="4270791666" ref="new_democracy"/>
    <file name="pasted svg 46118x46_poster_20.png" crc="513357756" ref="new_democracy"/>
    <file name="u12915-6.png" crc="3763448341" ref="new_democracy"/>
    <file name="u12914-4.png" crc="4153151283" ref="new_democracy"/>
    <file name="u12937-6.png" crc="3763448341" ref="new_democracy"/>
    <file name="u12936-4.png" crc="106997622" ref="new_democracy"/>
    <file name="pasted svg 56265x51.svg" crc="309200301" ref="new_democracy:connected_environment:new_perspective"/>
    <file name="pasted svg 56265x51_poster_.png" crc="4288331382" ref="new_democracy"/>
    <file name="u12966-6.png" crc="322562147" ref="new_democracy"/>
    <file name="u12965-4.png" crc="4274550013" ref="new_democracy"/>
    <file name="u12902-6.png" crc="3763448341" ref="new_democracy"/>
    <file name="u12901-4.png" crc="3842170564" ref="new_democracy"/>
    <file name="u8434-4.png" crc="3966750527" ref="new_democracy"/>
    <file name="u8435-4.png" crc="4111358444" ref="new_democracy"/>
    <file name="pasted svg 46118x4621.svg" crc="183732867" ref="new_democracy"/>
    <file name="pasted svg 46118x46_poster_21.png" crc="154104259" ref="new_democracy"/>
    <file name="u10869-6.png" crc="4283950205" ref="new_democracy"/>
    <file name="u10868-10.png" crc="4248969371" ref="new_democracy"/>
    <file name="u10882-14.png" crc="4171097511" ref="new_democracy"/>
    <file name="u10905-6.png" crc="4258552124" ref="new_democracy"/>
    <file name="u10904-7.png" crc="473061421" ref="new_democracy"/>
    <file name="u10919-7.png" crc="419179109" ref="new_democracy"/>
    <file name="u2626-11.png" crc="3947134265" ref="new_democracy"/>
    <file name="u8257-4.png" crc="3966750527" ref="new_democracy"/>
    <file name="u8256-4.png" crc="4111358444" ref="new_democracy"/>
    <file name="pasted svg 46118x4622.svg" crc="4003140920" ref="new_democracy"/>
    <file name="pasted svg 46118x46_poster_22.png" crc="3926753008" ref="new_democracy"/>
    <file name="u8212-4.png" crc="397920853" ref="new_democracy"/>
    <file name="u8213-4.png" crc="293334093" ref="new_democracy"/>
    <file name="pasted svg 46118x4623.svg" crc="185053357" ref="new_democracy"/>
    <file name="pasted svg 46118x46_poster_23.png" crc="487583614" ref="new_democracy"/>
    <file name="u2643-15.png" crc="209117906" ref="new_democracy"/>
    <file name="u8193-4.png" crc="397920853" ref="new_democracy"/>
    <file name="u8192-4.png" crc="293334093" ref="new_democracy"/>
    <file name="pasted svg 46118x4624.svg" crc="154895892" ref="new_democracy"/>
    <file name="pasted svg 46118x46_poster_24.png" crc="373681077" ref="new_democracy"/>
    <file name="u12977-6.png" crc="322562147" ref="new_democracy"/>
    <file name="u12976-4.png" crc="4013013561" ref="new_democracy"/>
    <file name="u5212-16.png" crc="196627967" ref="new_democracy"/>
    <file name="u8418-4.png" crc="3966750527" ref="new_democracy"/>
    <file name="u8419-4.png" crc="4111358444" ref="new_democracy"/>
    <file name="pasted svg 46118x4625.svg" crc="301033504" ref="new_democracy"/>
    <file name="pasted svg 46118x46_poster_25.png" crc="181374359" ref="new_democracy"/>
    <file name="u13000-6.png" crc="4255676662" ref="new_democracy"/>
    <file name="u12999-4.png" crc="253552097" ref="new_democracy"/>
    <file name="u5167-4.png" crc="156996642" ref="new_democracy"/>
    <file name="u5218-4.png" crc="334619323" ref="new_democracy"/>
    <file name="u5216-4.png" crc="4136517802" ref="new_democracy"/>
    <file name="u5222-10.png" crc="4129340456" ref="new_democracy"/>
    <file name="pasted svg 48533x52.svg" crc="406637770" ref="new_democracy:redestribute_power"/>
    <file name="pasted svg 48533x52_poster_.png" crc="167477995" ref="new_democracy"/>
    <file name="u13032-6.png" crc="3759236788" ref="new_democracy"/>
    <file name="u13031-4.png" crc="420641650" ref="new_democracy"/>
    <file name="u13046-6.png" crc="3759236788" ref="new_democracy"/>
    <file name="u13045-4.png" crc="4053078511" ref="new_democracy"/>
    <file name="u6894-4.png" crc="3986324408" ref="new_democracy"/>
    <file name="u6895-4.png" crc="4072170677" ref="new_democracy"/>
    <file name="pasted svg 46118x4626.svg" crc="4126952324" ref="new_democracy"/>
    <file name="pasted svg 46118x46_poster_26.png" crc="4277172782" ref="new_democracy"/>
    <file name="u8466-4.png" crc="4093860507" ref="new_democracy"/>
    <file name="u8467-3.png" crc="3991474586" ref="new_democracy"/>
    <file name="pasted svg 46118x4627.svg" crc="4037174191" ref="new_democracy"/>
    <file name="pasted svg 46118x46_poster_27.png" crc="4266805387" ref="new_democracy"/>
    <file name="u5227-16.png" crc="171454029" ref="new_democracy"/>
    <file name="u13067-6.png" crc="4255676662" ref="new_democracy"/>
    <file name="u13066-4.png" crc="4240005389" ref="new_democracy"/>
    <file name="u5230-5.png" crc="3976817254" ref="new_democracy"/>
    <file name="u8485-4.png" crc="3966750527" ref="new_democracy"/>
    <file name="u8484-4.png" crc="4111358444" ref="new_democracy"/>
    <file name="pasted svg 46118x4628.svg" crc="285999411" ref="new_democracy"/>
    <file name="pasted svg 46118x46_poster_28.png" crc="3786289373" ref="new_democracy"/>
    <file name="u5234-7.png" crc="248381700" ref="new_democracy"/>
    <file name="u10772.png" crc="238141302" ref="new_democracy"/>
    <file name="u10772-r.png" crc="3914732200" ref="new_democracy"/>
    <file name="u2779-4.png" crc="3775425233" ref="connected_environment"/>
    <file name="u2770-9.png" crc="419125840" ref="connected_environment"/>
    <file name="u8052-4.png" crc="3897259406" ref="connected_environment"/>
    <file name="u8051-6.png" crc="3951750018" ref="connected_environment"/>
    <file name="pasted svg 46118x4629.svg" crc="91968636" ref="connected_environment"/>
    <file name="pasted svg 46118x46_poster_29.png" crc="4073782144" ref="connected_environment"/>
    <file name="u10380-6.png" crc="463070583" ref="connected_environment"/>
    <file name="u10381-4.png" crc="4143712758" ref="connected_environment"/>
    <file name="u2788-12.png" crc="3892220681" ref="connected_environment"/>
    <file name="u5054-11.png" crc="4057558290" ref="connected_environment"/>
    <file name="u2772-4.png" crc="314659559" ref="connected_environment"/>
    <file name="u5063-4.png" crc="497962959" ref="connected_environment"/>
    <file name="u2773-8.png" crc="4089590066" ref="connected_environment"/>
    <file name="u5067-12.png" crc="4289718269" ref="connected_environment"/>
    <file name="u5074-4.png" crc="120423440" ref="connected_environment"/>
    <file name="u2786-10.png" crc="4167021310" ref="connected_environment"/>
    <file name="u5082-7.png" crc="4025322209" ref="connected_environment"/>
    <file name="u5090-10.png" crc="424524965" ref="connected_environment"/>
    <file name="u5072-4.png" crc="4211296169" ref="connected_environment"/>
    <file name="u5075-4.png" crc="3772212454" ref="connected_environment"/>
    <file name="u5093-4.png" crc="47694004" ref="connected_environment"/>
    <file name="u8069-4.png" crc="3966750527" ref="connected_environment"/>
    <file name="u8070-4.png" crc="4111358444" ref="connected_environment"/>
    <file name="pasted svg 46118x4630.svg" crc="4076958568" ref="connected_environment"/>
    <file name="pasted svg 46118x46_poster_30.png" crc="40097819" ref="connected_environment"/>
    <file name="u8098-4.png" crc="3966750527" ref="connected_environment"/>
    <file name="u8097-4.png" crc="4111358444" ref="connected_environment"/>
    <file name="pasted svg 46118x4631.svg" crc="4243575552" ref="connected_environment"/>
    <file name="pasted svg 46118x46_poster_31.png" crc="3761801696" ref="connected_environment"/>
    <file name="u8127-4.png" crc="3966750527" ref="connected_environment"/>
    <file name="u8128-4.png" crc="4111358444" ref="connected_environment"/>
    <file name="pasted svg 46118x4632.svg" crc="326771487" ref="connected_environment"/>
    <file name="pasted svg 46118x46_poster_32.png" crc="287315343" ref="connected_environment"/>
    <file name="u8142-4.png" crc="444105433" ref="connected_environment"/>
    <file name="u8141-4.png" crc="51872861" ref="connected_environment"/>
    <file name="pasted svg 46118x4633.svg" crc="4003304864" ref="connected_environment"/>
    <file name="pasted svg 46118x46_poster_33.png" crc="4209417538" ref="connected_environment"/>
    <file name="u12748-6.png" crc="3969317340" ref="connected_environment"/>
    <file name="u12747-4.png" crc="5043759" ref="connected_environment"/>
    <file name="u5106-4.png" crc="19764170" ref="connected_environment"/>
    <file name="pasted svg 48533x53.svg" crc="249638796" ref="connected_environment:new_perspective:digital_divide"/>
    <file name="pasted svg 48533x53_poster_.png" crc="452827653" ref="connected_environment"/>
    <file name="u12858-6.png" crc="205421928" ref="connected_environment"/>
    <file name="u12860-4.png" crc="4170404394" ref="connected_environment"/>
    <file name="u5095-12.png" crc="4191329850" ref="connected_environment"/>
    <file name="u8162-4.png" crc="444105433" ref="connected_environment"/>
    <file name="u8161-4.png" crc="51872861" ref="connected_environment"/>
    <file name="pasted svg 46118x4634.svg" crc="714135" ref="connected_environment"/>
    <file name="pasted svg 46118x46_poster_34.png" crc="4131595199" ref="connected_environment"/>
    <file name="u5103-7.png" crc="4055145528" ref="connected_environment"/>
    <file name="u8111-4.png" crc="444105433" ref="connected_environment"/>
    <file name="u8112-4.png" crc="51872861" ref="connected_environment"/>
    <file name="pasted svg 46118x4635.svg" crc="301960267" ref="connected_environment"/>
    <file name="pasted svg 46118x46_poster_35.png" crc="483995235" ref="connected_environment"/>
    <file name="u12798-6.png" crc="64087813" ref="connected_environment"/>
    <file name="u12797-4.png" crc="174269525" ref="connected_environment"/>
    <file name="u12837-6.png" crc="205421928" ref="connected_environment"/>
    <file name="u12839-4.png" crc="3922719538" ref="connected_environment"/>
    <file name="u11377-6.png" crc="508048364" ref="connected_environment"/>
    <file name="u11376-7.png" crc="509823702" ref="connected_environment"/>
    <file name="u10849-6.png" crc="3824224740" ref="connected_environment"/>
    <file name="u10848-7.png" crc="3881976613" ref="connected_environment"/>
    <file name="u2782-4.png" crc="77225737" ref="connected_environment"/>
    <file name="u2771-9.png" crc="236392839" ref="connected_environment"/>
    <file name="u5108-4.png" crc="119669856" ref="connected_environment"/>
    <file name="u5110-4.png" crc="463217081" ref="connected_environment"/>
    <file name="u12874-6.png" crc="64087813" ref="connected_environment"/>
    <file name="u12872-4.png" crc="3971485339" ref="connected_environment"/>
    <file name="u5114-8.png" crc="4115994697" ref="connected_environment"/>
    <file name="u8176-4.png" crc="3966750527" ref="connected_environment"/>
    <file name="u8175-4.png" crc="4111358444" ref="connected_environment"/>
    <file name="pasted svg 46118x4636.svg" crc="3962701563" ref="connected_environment"/>
    <file name="pasted svg 46118x46_poster_36.png" crc="381502352" ref="connected_environment"/>
    <file name="u5120-7.png" crc="420667780" ref="connected_environment"/>
    <file name="u11171-6.png" crc="4239985143" ref="connected_environment"/>
    <file name="u11173-4.png" crc="4222573356" ref="connected_environment"/>
    <file name="u5129-10.png" crc="524587065" ref="connected_environment"/>
    <file name="u10774.png" crc="353084544" ref="connected_environment"/>
    <file name="u10774-r.png" crc="4128842447" ref="connected_environment"/>
    <file name="u2924-4.png" crc="227431922" ref="new_perspective"/>
    <file name="u4931-10.png" crc="4002190147" ref="new_perspective"/>
    <file name="u10365-6.png" crc="436928213" ref="new_perspective"/>
    <file name="u10364-4.png" crc="3883557132" ref="new_perspective"/>
    <file name="u2917-7.png" crc="4153849117" ref="new_perspective"/>
    <file name="u2916-7.png" crc="214663136" ref="new_perspective"/>
    <file name="u4948-13.png" crc="155847873" ref="new_perspective"/>
    <file name="u4944-7.png" crc="4078944480" ref="new_perspective"/>
    <file name="u4954-10.png" crc="254792110" ref="new_perspective"/>
    <file name="u4958-12.png" crc="3759683892" ref="new_perspective"/>
    <file name="u7960-4.png" crc="3966750527" ref="new_perspective"/>
    <file name="u7959-4.png" crc="4111358444" ref="new_perspective"/>
    <file name="pasted svg 46118x4637.svg" crc="72111769" ref="new_perspective"/>
    <file name="pasted svg 46118x46_poster_37.png" crc="183359540" ref="new_perspective"/>
    <file name="u7970-4.png" crc="3966750527" ref="new_perspective"/>
    <file name="u7969-4.png" crc="4111358444" ref="new_perspective"/>
    <file name="pasted svg 46118x4638.svg" crc="3766841078" ref="new_perspective"/>
    <file name="pasted svg 46118x46_poster_38.png" crc="4039321134" ref="new_perspective"/>
    <file name="u8004-4.png" crc="3966750527" ref="new_perspective"/>
    <file name="u8003-4.png" crc="4111358444" ref="new_perspective"/>
    <file name="pasted svg 46118x4639.svg" crc="4205654178" ref="new_perspective"/>
    <file name="pasted svg 46118x46_poster_39.png" crc="4286389115" ref="new_perspective"/>
    <file name="u8013-4.png" crc="3966750527" ref="new_perspective"/>
    <file name="u8014-4.png" crc="4111358444" ref="new_perspective"/>
    <file name="pasted svg 46118x4640.svg" crc="492653174" ref="new_perspective"/>
    <file name="pasted svg 46118x46_poster_40.png" crc="4214807104" ref="new_perspective"/>
    <file name="u8038-4.png" crc="3966750527" ref="new_perspective"/>
    <file name="u8037-4.png" crc="4111358444" ref="new_perspective"/>
    <file name="pasted svg 46118x4641.svg" crc="355072141" ref="new_perspective"/>
    <file name="pasted svg 46118x46_poster_41.png" crc="214829748" ref="new_perspective"/>
    <file name="u12680-6.png" crc="3856138815" ref="new_perspective"/>
    <file name="u12679-4.png" crc="319845296" ref="new_perspective"/>
    <file name="u12731-6.png" crc="205421928" ref="new_perspective"/>
    <file name="u12733-4.png" crc="4262627840" ref="new_perspective"/>
    <file name="u12652-6.png" crc="4205189524" ref="new_perspective"/>
    <file name="u12651-4.png" crc="115664527" ref="new_perspective"/>
    <file name="u12668-6.png" crc="4212052482" ref="new_perspective"/>
    <file name="u12666-4.png" crc="44516816" ref="new_perspective"/>
    <file name="u2933-7.png" crc="3892952321" ref="new_perspective"/>
    <file name="u4935-7.png" crc="465613396" ref="new_perspective"/>
    <file name="u4939-8.png" crc="3758780409" ref="new_perspective"/>
    <file name="u10650-6.png" crc="3898338414" ref="new_perspective"/>
    <file name="u10649-4.png" crc="187460990" ref="new_perspective"/>
    <file name="u4952-12.png" crc="181139295" ref="new_perspective"/>
    <file name="u7988-4.png" crc="3966750527" ref="new_perspective"/>
    <file name="u7987-4.png" crc="4111358444" ref="new_perspective"/>
    <file name="pasted svg 46118x4642.svg" crc="4178463544" ref="new_perspective"/>
    <file name="pasted svg 46118x46_poster_42.png" crc="36253441" ref="new_perspective"/>
    <file name="u7933-4.png" crc="3966750527" ref="new_perspective"/>
    <file name="u7934-4.png" crc="4111358444" ref="new_perspective"/>
    <file name="pasted svg 46118x4643.svg" crc="4074500529" ref="new_perspective"/>
    <file name="pasted svg 46118x46_poster_43.png" crc="4053940299" ref="new_perspective"/>
    <file name="u12709-6.png" crc="205421928" ref="new_perspective"/>
    <file name="u12708-4.png" crc="12781075" ref="new_perspective"/>
    <file name="u10662-7.png" crc="493948700" ref="new_perspective"/>
    <file name="u11603-6.png" crc="3759269580" ref="new_perspective"/>
    <file name="u11602-4.png" crc="4269049989" ref="new_perspective"/>
    <file name="u11598-6.png" crc="410137414" ref="new_perspective"/>
    <file name="u11597-4.png" crc="3998094320" ref="new_perspective"/>
    <file name="u12627-6.png" crc="4206323395" ref="new_perspective"/>
    <file name="u12628-4.png" crc="3826817037" ref="new_perspective"/>
    <file name="u4968-7.png" crc="507268180" ref="new_perspective"/>
    <file name="u4970-7.png" crc="3873351516" ref="new_perspective"/>
    <file name="u12567-6.png" crc="524858988" ref="new_perspective"/>
    <file name="u12566-4.png" crc="367555275" ref="new_perspective"/>
    <file name="u4979-7.png" crc="3850567026" ref="new_perspective"/>
    <file name="u11155-6.png" crc="4066099626" ref="new_perspective"/>
    <file name="u11157-4.png" crc="3931402807" ref="new_perspective"/>
    <file name="u10776.png" crc="341379515" ref="new_perspective"/>
    <file name="u10776-r.png" crc="175463671" ref="new_perspective"/>
    <file name="u3069-4.png" crc="398593585" ref="expanding_possibilities"/>
    <file name="u3060-8.png" crc="3933070591" ref="expanding_possibilities"/>
    <file name="u7703-4.png" crc="3897259406" ref="expanding_possibilities"/>
    <file name="u7704-6.png" crc="3951750018" ref="expanding_possibilities"/>
    <file name="pasted svg 46118x4644.svg" crc="514765760" ref="expanding_possibilities"/>
    <file name="pasted svg 46118x46_poster_44.png" crc="4275101790" ref="expanding_possibilities"/>
    <file name="u10288-6.png" crc="3826563389" ref="expanding_possibilities"/>
    <file name="u10287-4.png" crc="319252395" ref="expanding_possibilities"/>
    <file name="pasted svg 48533x592.svg" crc="523936302" ref="expanding_possibilities:redestribute_power:digital_divide"/>
    <file name="pasted svg 48533x59_poster_2.png" crc="64953205" ref="expanding_possibilities"/>
    <file name="u12418-6.png" crc="4257693511" ref="expanding_possibilities"/>
    <file name="u12420-4.png" crc="516157043" ref="expanding_possibilities"/>
    <file name="u4544-8.png" crc="104266331" ref="expanding_possibilities"/>
    <file name="u3072-11.png" crc="129759612" ref="expanding_possibilities"/>
    <file name="u3076-13.png" crc="4050120917" ref="expanding_possibilities"/>
    <file name="u4594-9.png" crc="474686692" ref="expanding_possibilities"/>
    <file name="u4599-9.png" crc="89896675" ref="expanding_possibilities"/>
    <file name="u4605-9.png" crc="4195847878" ref="expanding_possibilities"/>
    <file name="u4606-8.png" crc="4158931483" ref="expanding_possibilities"/>
    <file name="u3062-7.png" crc="364588726" ref="expanding_possibilities"/>
    <file name="u3078-7.png" crc="4132732822" ref="expanding_possibilities"/>
    <file name="u3061-12.png" crc="517326392" ref="expanding_possibilities"/>
    <file name="u6206-4.png" crc="3840303138" ref="expanding_possibilities"/>
    <file name="u6207-6.png" crc="3798881308" ref="expanding_possibilities"/>
    <file name="pasted svg 46118x4645.svg" crc="318534653" ref="expanding_possibilities"/>
    <file name="pasted svg 46118x46_poster_45.png" crc="345551864" ref="expanding_possibilities"/>
    <file name="u7715-4.png" crc="3966750527" ref="expanding_possibilities"/>
    <file name="u7716-4.png" crc="4111358444" ref="expanding_possibilities"/>
    <file name="pasted svg 46118x4646.svg" crc="3894213452" ref="expanding_possibilities"/>
    <file name="pasted svg 46118x46_poster_46.png" crc="316670787" ref="expanding_possibilities"/>
    <file name="u7731-4.png" crc="3966750527" ref="expanding_possibilities"/>
    <file name="u7732-4.png" crc="4111358444" ref="expanding_possibilities"/>
    <file name="pasted svg 46118x4647.svg" crc="3845015131" ref="expanding_possibilities"/>
    <file name="pasted svg 46118x46_poster_47.png" crc="68328311" ref="expanding_possibilities"/>
    <file name="u7742-4.png" crc="3840303138" ref="expanding_possibilities"/>
    <file name="u7741-6.png" crc="3798881308" ref="expanding_possibilities"/>
    <file name="pasted svg 46118x4648.svg" crc="437252214" ref="expanding_possibilities"/>
    <file name="pasted svg 46118x46_poster_48.png" crc="33035218" ref="expanding_possibilities"/>
    <file name="u7781-4.png" crc="3840303138" ref="expanding_possibilities"/>
    <file name="u7782-6.png" crc="3798881308" ref="expanding_possibilities"/>
    <file name="pasted svg 46118x4649.svg" crc="118566808" ref="expanding_possibilities"/>
    <file name="pasted svg 46118x46_poster_49.png" crc="395633239" ref="expanding_possibilities"/>
    <file name="u7790-4.png" crc="3840303138" ref="expanding_possibilities"/>
    <file name="u7789-6.png" crc="3798881308" ref="expanding_possibilities"/>
    <file name="pasted svg 46118x4650.svg" crc="3825271406" ref="expanding_possibilities"/>
    <file name="pasted svg 46118x46_poster_50.png" crc="4222303799" ref="expanding_possibilities"/>
    <file name="u7810-4.png" crc="3897259406" ref="expanding_possibilities"/>
    <file name="u7809-6.png" crc="3951750018" ref="expanding_possibilities"/>
    <file name="pasted svg 46118x4651.svg" crc="226054446" ref="expanding_possibilities"/>
    <file name="pasted svg 46118x46_poster_51.png" crc="514415706" ref="expanding_possibilities"/>
    <file name="u7832-4.png" crc="3840303138" ref="expanding_possibilities"/>
    <file name="u7831-6.png" crc="3798881308" ref="expanding_possibilities"/>
    <file name="pasted svg 46118x4652.svg" crc="9043251" ref="expanding_possibilities"/>
    <file name="pasted svg 46118x46_poster_52.png" crc="351514415" ref="expanding_possibilities"/>
    <file name="u7848-4.png" crc="3840303138" ref="expanding_possibilities"/>
    <file name="u7847-6.png" crc="3798881308" ref="expanding_possibilities"/>
    <file name="pasted svg 46118x4653.svg" crc="350828273" ref="expanding_possibilities"/>
    <file name="pasted svg 46118x46_poster_53.png" crc="4197384472" ref="expanding_possibilities"/>
    <file name="pasted svg 50656x50.svg" crc="53214124" ref="expanding_possibilities"/>
    <file name="pasted svg 50656x50_poster_.png" crc="3911189493" ref="expanding_possibilities"/>
    <file name="u12536-6.png" crc="4198331516" ref="expanding_possibilities"/>
    <file name="u12535-4.png" crc="4173128180" ref="expanding_possibilities"/>
    <file name="u4560-4.png" crc="4179569800" ref="expanding_possibilities"/>
    <file name="u4561-4.png" crc="4109106279" ref="expanding_possibilities"/>
    <file name="u4562-4.png" crc="4205741063" ref="expanding_possibilities"/>
    <file name="u4571-4.png" crc="4100230785" ref="expanding_possibilities"/>
    <file name="u4603-10.png" crc="66180046" ref="expanding_possibilities"/>
    <file name="u4550-4.png" crc="338405780" ref="expanding_possibilities"/>
    <file name="u4556-4.png" crc="347884384" ref="expanding_possibilities"/>
    <file name="u4577-4.png" crc="4286254135" ref="expanding_possibilities"/>
    <file name="u4586-4.png" crc="451673039" ref="expanding_possibilities"/>
    <file name="u4588-4.png" crc="3935873160" ref="expanding_possibilities"/>
    <file name="u12440-6.png" crc="3992734268" ref="expanding_possibilities"/>
    <file name="u12438-4.png" crc="4236102261" ref="expanding_possibilities"/>
    <file name="u10787-6.png" crc="3895831616" ref="expanding_possibilities"/>
    <file name="u10789-4.png" crc="530353068" ref="expanding_possibilities"/>
    <file name="u10840-6.png" crc="4258552124" ref="expanding_possibilities"/>
    <file name="u10838-4.png" crc="3776651557" ref="expanding_possibilities"/>
    <file name="u12488-6.png" crc="306649814" ref="expanding_possibilities"/>
    <file name="u12486-4.png" crc="3980278677" ref="expanding_possibilities"/>
    <file name="u4609-4.png" crc="3900037154" ref="expanding_possibilities"/>
    <file name="u4612-4.png" crc="439319555" ref="expanding_possibilities"/>
    <file name="u12556-6.png" crc="3915400662" ref="expanding_possibilities"/>
    <file name="u12555-4.png" crc="3873494201" ref="expanding_possibilities"/>
    <file name="u7861-4.png" crc="4057625076" ref="expanding_possibilities"/>
    <file name="u7862-3.png" crc="3991474586" ref="expanding_possibilities"/>
    <file name="pasted svg 46118x4654.svg" crc="131289097" ref="expanding_possibilities"/>
    <file name="pasted svg 46118x46_poster_54.png" crc="3820745870" ref="expanding_possibilities"/>
    <file name="u7896-4.png" crc="4062320314" ref="expanding_possibilities"/>
    <file name="u7895-4.png" crc="73993797" ref="expanding_possibilities"/>
    <file name="pasted svg 46118x4655.svg" crc="4049319677" ref="expanding_possibilities"/>
    <file name="pasted svg 46118x46_poster_55.png" crc="4028338133" ref="expanding_possibilities"/>
    <file name="u4616-14.png" crc="170245787" ref="expanding_possibilities"/>
    <file name="u11569-6.png" crc="3759269580" ref="expanding_possibilities"/>
    <file name="u11567-4.png" crc="296311586" ref="expanding_possibilities"/>
    <file name="u11575-7.png" crc="4039386418" ref="expanding_possibilities"/>
    <file name="u11562-6.png" crc="410137414" ref="expanding_possibilities"/>
    <file name="u11564-7.png" crc="222256462" ref="expanding_possibilities"/>
    <file name="u11397-6.png" crc="508048364" ref="expanding_possibilities"/>
    <file name="u11396-7.png" crc="511743457" ref="expanding_possibilities"/>
    <file name="u4619-11.png" crc="4139927097" ref="expanding_possibilities"/>
    <file name="u7923-4.png" crc="14736085" ref="expanding_possibilities"/>
    <file name="u7924-4.png" crc="6494305" ref="expanding_possibilities"/>
    <file name="pasted svg 46118x4656.svg" crc="3871558358" ref="expanding_possibilities"/>
    <file name="pasted svg 46118x46_poster_56.png" crc="4245409173" ref="expanding_possibilities"/>
    <file name="u4618-7.png" crc="76339038" ref="expanding_possibilities"/>
    <file name="u7908-4.png" crc="386410319" ref="expanding_possibilities"/>
    <file name="u7907-4.png" crc="4169685053" ref="expanding_possibilities"/>
    <file name="pasted svg 46118x4657.svg" crc="4160078680" ref="expanding_possibilities"/>
    <file name="pasted svg 46118x46_poster_57.png" crc="292350645" ref="expanding_possibilities"/>
    <file name="u10968-6.png" crc="4067066852" ref="expanding_possibilities"/>
    <file name="u10966-7.png" crc="4029352387" ref="expanding_possibilities"/>
    <file name="u10778.png" crc="4248922990" ref="expanding_possibilities"/>
    <file name="u10778-r.png" crc="142251129" ref="expanding_possibilities"/>
    <file name="u3214-4.png" crc="269406312" ref="redestribute_power"/>
    <file name="u10345-6.png" crc="483005852" ref="redestribute_power"/>
    <file name="u10344-4.png" crc="3763862555" ref="redestribute_power"/>
    <file name="u3205-8.png" crc="4163882596" ref="redestribute_power"/>
    <file name="u7539-4.png" crc="4290336248" ref="redestribute_power"/>
    <file name="u7538-4.png" crc="3939888355" ref="redestribute_power"/>
    <file name="pasted svg 46118x4658.svg" crc="4202082430" ref="redestribute_power"/>
    <file name="pasted svg 46118x46_poster_58.png" crc="59716072" ref="redestribute_power"/>
    <file name="u4471-13.png" crc="163258276" ref="redestribute_power"/>
    <file name="u3207-8.png" crc="4152563635" ref="redestribute_power"/>
    <file name="u3208-12.png" crc="241286086" ref="redestribute_power"/>
    <file name="u3206-15.png" crc="4168882725" ref="redestribute_power"/>
    <file name="u4510-14.png" crc="3877302553" ref="redestribute_power"/>
    <file name="u4487-9.png" crc="4182755441" ref="redestribute_power"/>
    <file name="u6018-4.png" crc="328662851" ref="redestribute_power"/>
    <file name="u6019-4.png" crc="3805889479" ref="redestribute_power"/>
    <file name="pasted svg 46118x4659.svg" crc="4146280474" ref="redestribute_power"/>
    <file name="pasted svg 46118x46_poster_59.png" crc="284007560" ref="redestribute_power"/>
    <file name="u6034-4.png" crc="490237905" ref="redestribute_power"/>
    <file name="u6035-4.png" crc="3895769712" ref="redestribute_power"/>
    <file name="pasted svg 46118x4660.svg" crc="3965476822" ref="redestribute_power"/>
    <file name="pasted svg 46118x46_poster_60.png" crc="324370206" ref="redestribute_power"/>
    <file name="u7551-4.png" crc="4290336248" ref="redestribute_power"/>
    <file name="u7550-4.png" crc="3939888355" ref="redestribute_power"/>
    <file name="pasted svg 46118x4661.svg" crc="4140915570" ref="redestribute_power"/>
    <file name="pasted svg 46118x46_poster_61.png" crc="120339308" ref="redestribute_power"/>
    <file name="u7587-4.png" crc="4290336248" ref="redestribute_power"/>
    <file name="u7586-4.png" crc="3939888355" ref="redestribute_power"/>
    <file name="pasted svg 46118x4662.svg" crc="3843093532" ref="redestribute_power"/>
    <file name="pasted svg 46118x46_poster_62.png" crc="4286264330" ref="redestribute_power"/>
    <file name="u7599-4.png" crc="3966750527" ref="redestribute_power"/>
    <file name="u7598-4.png" crc="4111358444" ref="redestribute_power"/>
    <file name="pasted svg 46118x4663.svg" crc="4069237227" ref="redestribute_power"/>
    <file name="pasted svg 46118x46_poster_63.png" crc="3942183462" ref="redestribute_power"/>
    <file name="u7618-4.png" crc="3877010081" ref="redestribute_power"/>
    <file name="u7619-4.png" crc="29915188" ref="redestribute_power"/>
    <file name="pasted svg 46118x4664.svg" crc="300139750" ref="redestribute_power"/>
    <file name="pasted svg 46118x46_poster_64.png" crc="4139822081" ref="redestribute_power"/>
    <file name="u7638-4.png" crc="328662851" ref="redestribute_power"/>
    <file name="u7637-4.png" crc="3805889479" ref="redestribute_power"/>
    <file name="pasted svg 46118x4665.svg" crc="84180137" ref="redestribute_power"/>
    <file name="pasted svg 46118x46_poster_65.png" crc="3785477535" ref="redestribute_power"/>
    <file name="pasted svg 48533x483.svg" crc="3889450841" ref="redestribute_power:digital_divide:liquid_network"/>
    <file name="pasted svg 48533x48_poster_3.png" crc="3960023366" ref="redestribute_power"/>
    <file name="u11357-6.png" crc="530744242" ref="redestribute_power"/>
    <file name="u11358-7.png" crc="156637292" ref="redestribute_power"/>
    <file name="u4481-4.png" crc="4170595389" ref="redestribute_power"/>
    <file name="u12241-6.png" crc="442606361" ref="redestribute_power"/>
    <file name="u12240-4.png" crc="3801524476" ref="redestribute_power"/>
    <file name="u4502-4.png" crc="4120329721" ref="redestribute_power"/>
    <file name="u3223-12.png" crc="3872506406" ref="redestribute_power"/>
    <file name="u12316-6.png" crc="3827174374" ref="redestribute_power"/>
    <file name="u12315-4.png" crc="4110698494" ref="redestribute_power"/>
    <file name="u12281-6.png" crc="3759236788" ref="redestribute_power"/>
    <file name="u12283-4.png" crc="105730915" ref="redestribute_power"/>
    <file name="u10734-6.png" crc="4217787102" ref="redestribute_power"/>
    <file name="u10735-4.png" crc="524033847" ref="redestribute_power"/>
    <file name="u4525-7.png" crc="3883184015" ref="redestribute_power"/>
    <file name="u4530-9.png" crc="478326702" ref="redestribute_power"/>
    <file name="u5938-4.png" crc="218714522" ref="redestribute_power"/>
    <file name="u5939-4.png" crc="401561563" ref="redestribute_power"/>
    <file name="pasted svg 46118x4666.svg" crc="4122557789" ref="redestribute_power"/>
    <file name="pasted svg 46118x46_poster_66.png" crc="3769865668" ref="redestribute_power"/>
    <file name="u12262-6.png" crc="107656031" ref="redestribute_power"/>
    <file name="u12264-4.png" crc="3769416476" ref="redestribute_power"/>
    <file name="u7655-4.png" crc="469192103" ref="redestribute_power"/>
    <file name="u7656-4.png" crc="372946484" ref="redestribute_power"/>
    <file name="pasted svg 46118x4667.svg" crc="521886596" ref="redestribute_power"/>
    <file name="pasted svg 46118x46_poster_67.png" crc="491751023" ref="redestribute_power"/>
    <file name="u3210-9.png" crc="247432158" ref="redestribute_power"/>
    <file name="u7671-4.png" crc="530092813" ref="redestribute_power"/>
    <file name="u7672-4.png" crc="4201630779" ref="redestribute_power"/>
    <file name="pasted svg 46118x4668.svg" crc="231944822" ref="redestribute_power"/>
    <file name="pasted svg 46118x46_poster_68.png" crc="457539094" ref="redestribute_power"/>
    <file name="u12342-6.png" crc="3945130223" ref="redestribute_power"/>
    <file name="u12341-4.png" crc="350861364" ref="redestribute_power"/>
    <file name="u4533-15.png" crc="4164505746" ref="redestribute_power"/>
    <file name="u6110-4.png" crc="3831369254" ref="redestribute_power"/>
    <file name="u6111-4.png" crc="502505593" ref="redestribute_power"/>
    <file name="pasted svg 46118x4669.svg" crc="4053205855" ref="redestribute_power"/>
    <file name="pasted svg 46118x46_poster_69.png" crc="425548094" ref="redestribute_power"/>
    <file name="u6126-4.png" crc="113094145" ref="redestribute_power"/>
    <file name="u6127-4.png" crc="226068951" ref="redestribute_power"/>
    <file name="pasted svg 46118x4670.svg" crc="488313446" ref="redestribute_power"/>
    <file name="pasted svg 46118x46_poster_70.png" crc="162258727" ref="redestribute_power"/>
    <file name="u7685-4.png" crc="125155152" ref="redestribute_power"/>
    <file name="u7686-4.png" crc="216993951" ref="redestribute_power"/>
    <file name="pasted svg 46118x4671.svg" crc="373130336" ref="redestribute_power"/>
    <file name="pasted svg 46118x46_poster_71.png" crc="4092997230" ref="redestribute_power"/>
    <file name="u12372-6.png" crc="4291171147" ref="redestribute_power"/>
    <file name="u12371-4.png" crc="3950347166" ref="redestribute_power"/>
    <file name="u11131-6.png" crc="3979888498" ref="redestribute_power"/>
    <file name="u11133-4.png" crc="496679115" ref="redestribute_power"/>
    <file name="u4538-7.png" crc="3954545706" ref="redestribute_power"/>
    <file name="u10758.png" crc="11842414" ref="redestribute_power"/>
    <file name="u10758-r.png" crc="4271380513" ref="redestribute_power"/>
    <file name="u3359-4.png" crc="463808423" ref="digital_divide"/>
    <file name="u3350-8.png" crc="3869923124" ref="digital_divide"/>
    <file name="u5612-4.png" crc="54622160" ref="digital_divide"/>
    <file name="u5613-6.png" crc="4026521369" ref="digital_divide"/>
    <file name="pasted svg 46118x4672.svg" crc="309262535" ref="digital_divide"/>
    <file name="pasted svg 46118x46_poster_72.png" crc="3816457185" ref="digital_divide"/>
    <file name="u10248-6.png" crc="3777362192" ref="digital_divide"/>
    <file name="u10247-4.png" crc="255330531" ref="digital_divide"/>
    <file name="u4418-9.png" crc="277496148" ref="digital_divide"/>
    <file name="u3368-12.png" crc="12185509" ref="digital_divide"/>
    <file name="u4437-6.png" crc="4105097169" ref="digital_divide"/>
    <file name="u3352-5.png" crc="489085154" ref="digital_divide"/>
    <file name="u4398-4.png" crc="4144564782" ref="digital_divide"/>
    <file name="u7409-4.png" crc="3894904222" ref="digital_divide"/>
    <file name="u7408-6.png" crc="82289335" ref="digital_divide"/>
    <file name="pasted svg 46118x4673.svg" crc="387203902" ref="digital_divide"/>
    <file name="pasted svg 46118x46_poster_73.png" crc="3935689754" ref="digital_divide"/>
    <file name="u7427-4.png" crc="394411178" ref="digital_divide"/>
    <file name="u7426-4.png" crc="3869779333" ref="digital_divide"/>
    <file name="pasted svg 46118x4674.svg" crc="344247859" ref="digital_divide"/>
    <file name="pasted svg 46118x46_poster_74.png" crc="294455162" ref="digital_divide"/>
    <file name="u5742-4.png" crc="3786534458" ref="digital_divide"/>
    <file name="u5743-4.png" crc="339650953" ref="digital_divide"/>
    <file name="pasted svg 46118x4675.svg" crc="3973271499" ref="digital_divide"/>
    <file name="pasted svg 46118x46_poster_75.png" crc="4155133829" ref="digital_divide"/>
    <file name="u7244-4.png" crc="3897259406" ref="digital_divide"/>
    <file name="u7245-6.png" crc="3951750018" ref="digital_divide"/>
    <file name="pasted svg 46118x4676.svg" crc="4276852840" ref="digital_divide"/>
    <file name="pasted svg 46118x46_poster_76.png" crc="4202504422" ref="digital_divide"/>
    <file name="u7282-4.png" crc="93235268" ref="digital_divide"/>
    <file name="u7283-4.png" crc="325066857" ref="digital_divide"/>
    <file name="pasted svg 46118x4677.svg" crc="4136966826" ref="digital_divide"/>
    <file name="pasted svg 46118x46_poster_77.png" crc="4181515734" ref="digital_divide"/>
    <file name="u12118-6.png" crc="67697409" ref="digital_divide"/>
    <file name="u12117-4.png" crc="4009088015" ref="digital_divide"/>
    <file name="u12155-6.png" crc="298584524" ref="digital_divide"/>
    <file name="u12157-7.png" crc="273064261" ref="digital_divide"/>
    <file name="u4407-12.png" crc="4193689107" ref="digital_divide"/>
    <file name="u7317-4.png" crc="3786534458" ref="digital_divide"/>
    <file name="u7316-4.png" crc="339650953" ref="digital_divide"/>
    <file name="pasted svg 46118x4678.svg" crc="477341924" ref="digital_divide"/>
    <file name="pasted svg 46118x46_poster_78.png" crc="458921703" ref="digital_divide"/>
    <file name="u3362-11.png" crc="4267148656" ref="digital_divide"/>
    <file name="u4396-4.png" crc="139005743" ref="digital_divide"/>
    <file name="u4416-11.png" crc="390986587" ref="digital_divide"/>
    <file name="u4455-14.png" crc="494143165" ref="digital_divide"/>
    <file name="u4450-4.png" crc="450783794" ref="digital_divide"/>
    <file name="u4452-4.png" crc="71270165" ref="digital_divide"/>
    <file name="u4453-4.png" crc="3772212454" ref="digital_divide"/>
    <file name="u4443-16.png" crc="4240706192" ref="digital_divide"/>
    <file name="u7295-4.png" crc="3843020914" ref="digital_divide"/>
    <file name="u7294-4.png" crc="4136658496" ref="digital_divide"/>
    <file name="pasted svg 46118x4679.svg" crc="52300643" ref="digital_divide"/>
    <file name="pasted svg 46118x46_poster_79.png" crc="4018486876" ref="digital_divide"/>
    <file name="u12213-6.png" crc="70535719" ref="digital_divide"/>
    <file name="u12212-4.png" crc="191834883" ref="digital_divide"/>
    <file name="u7356-4.png" crc="4207455856" ref="digital_divide"/>
    <file name="u7357-4.png" crc="4293475129" ref="digital_divide"/>
    <file name="pasted svg 46118x4680.svg" crc="4252959744" ref="digital_divide"/>
    <file name="pasted svg 46118x46_poster_80.png" crc="275429355" ref="digital_divide"/>
    <file name="u12166-6.png" crc="4286299365" ref="digital_divide"/>
    <file name="u12165-4.png" crc="6155315" ref="digital_divide"/>
    <file name="u7443-4.png" crc="3894904222" ref="digital_divide"/>
    <file name="u7442-6.png" crc="82289335" ref="digital_divide"/>
    <file name="pasted svg 46118x4681.svg" crc="3804651177" ref="digital_divide"/>
    <file name="pasted svg 46118x46_poster_81.png" crc="3912671399" ref="digital_divide"/>
    <file name="u7469-4.png" crc="3894904222" ref="digital_divide"/>
    <file name="u7468-6.png" crc="82289335" ref="digital_divide"/>
    <file name="pasted svg 46118x4682.svg" crc="4033174080" ref="digital_divide"/>
    <file name="pasted svg 46118x46_poster_82.png" crc="3968327142" ref="digital_divide"/>
    <file name="u3351-10.png" crc="3828010263" ref="digital_divide"/>
    <file name="u3366-9.png" crc="144381060" ref="digital_divide"/>
    <file name="u11345-6.png" crc="530744242" ref="digital_divide"/>
    <file name="u11347-7.png" crc="4243608192" ref="digital_divide"/>
    <file name="u7350-4.png" crc="3894904222" ref="digital_divide"/>
    <file name="u7351-6.png" crc="82289335" ref="digital_divide"/>
    <file name="pasted svg 46118x4683.svg" crc="3928308940" ref="digital_divide"/>
    <file name="pasted svg 46118x46_poster_83.png" crc="4154623002" ref="digital_divide"/>
    <file name="u4457-7.png" crc="3926154285" ref="digital_divide"/>
    <file name="u12200-6.png" crc="55334457" ref="digital_divide"/>
    <file name="u12199-4.png" crc="3980442391" ref="digital_divide"/>
    <file name="u4467-11.png" crc="149335122" ref="digital_divide"/>
    <file name="u7489-4.png" crc="4291940354" ref="digital_divide"/>
    <file name="u7488-4.png" crc="339292452" ref="digital_divide"/>
    <file name="pasted svg 46118x4684.svg" crc="3865242465" ref="digital_divide"/>
    <file name="pasted svg 46118x46_poster_84.png" crc="19536643" ref="digital_divide"/>
    <file name="u7510-4.png" crc="3786534458" ref="digital_divide"/>
    <file name="u7511-4.png" crc="339650953" ref="digital_divide"/>
    <file name="pasted svg 46118x4685.svg" crc="389672313" ref="digital_divide"/>
    <file name="pasted svg 46118x46_poster_85.png" crc="53537441" ref="digital_divide"/>
    <file name="u4463-14.png" crc="4133102285" ref="digital_divide"/>
    <file name="u7524-4.png" crc="3894904222" ref="digital_divide"/>
    <file name="u7525-6.png" crc="82289335" ref="digital_divide"/>
    <file name="pasted svg 46118x4686.svg" crc="3796482350" ref="digital_divide"/>
    <file name="pasted svg 46118x46_poster_86.png" crc="517020630" ref="digital_divide"/>
    <file name="u10929-6.png" crc="3963268125" ref="digital_divide"/>
    <file name="u10928-7.png" crc="269244300" ref="digital_divide"/>
    <file name="u10780.png" crc="4132727902" ref="digital_divide"/>
    <file name="u10780-r.png" crc="3938389723" ref="digital_divide"/>
    <file name="u3504-4.png" crc="504825571" ref="liquid_network"/>
    <file name="u3495-6.png" crc="3932965412" ref="liquid_network"/>
    <file name="u3509-8.png" crc="478382866" ref="liquid_network"/>
    <file name="u5386-4.png" crc="4290336248" ref="liquid_network"/>
    <file name="u5387-4.png" crc="3939888355" ref="liquid_network"/>
    <file name="pasted svg 46118x4687.svg" crc="230228917" ref="liquid_network"/>
    <file name="pasted svg 46118x46_poster_87.png" crc="421326464" ref="liquid_network"/>
    <file name="pasted svg 48533x484.svg" crc="412848513" ref="liquid_network"/>
    <file name="pasted svg 48533x48_poster_4.png" crc="141223976" ref="liquid_network"/>
    <file name="u10450-6.png" crc="166578694" ref="liquid_network"/>
    <file name="u10449-4.png" crc="3972608251" ref="liquid_network"/>
    <file name="u10327-6.png" crc="432743924" ref="liquid_network"/>
    <file name="u10326-13.png" crc="3906354334" ref="liquid_network"/>
    <file name="u3511-11.png" crc="244328347" ref="liquid_network"/>
    <file name="u4246-12.png" crc="416012693" ref="liquid_network"/>
    <file name="u4243-15.png" crc="4256656836" ref="liquid_network"/>
    <file name="u3512-12.png" crc="3963511265" ref="liquid_network"/>
    <file name="u7151-4.png" crc="3855857677" ref="liquid_network"/>
    <file name="u7150-6.png" crc="4111358444" ref="liquid_network"/>
    <file name="pasted svg 46118x4688.svg" crc="3837034234" ref="liquid_network"/>
    <file name="pasted svg 46118x46_poster_88.png" crc="285414423" ref="liquid_network"/>
    <file name="u5451-4.png" crc="3855857677" ref="liquid_network"/>
    <file name="u5452-6.png" crc="4111358444" ref="liquid_network"/>
    <file name="pasted svg 46118x4689.svg" crc="4080322230" ref="liquid_network"/>
    <file name="pasted svg 46118x46_poster_89.png" crc="3961281608" ref="liquid_network"/>
    <file name="u7119-4.png" crc="3855857677" ref="liquid_network"/>
    <file name="u7118-6.png" crc="4111358444" ref="liquid_network"/>
    <file name="pasted svg 46118x4690.svg" crc="4076891841" ref="liquid_network"/>
    <file name="pasted svg 46118x46_poster_90.png" crc="4101282571" ref="liquid_network"/>
    <file name="u7135-4.png" crc="3855857677" ref="liquid_network"/>
    <file name="u7134-6.png" crc="4111358444" ref="liquid_network"/>
    <file name="pasted svg 46118x4691.svg" crc="4192953615" ref="liquid_network"/>
    <file name="pasted svg 46118x46_poster_91.png" crc="342944022" ref="liquid_network"/>
    <file name="u5444-4.png" crc="3826209669" ref="liquid_network"/>
    <file name="u5443-4.png" crc="4169046340" ref="liquid_network"/>
    <file name="pasted svg 46118x4692.svg" crc="458136625" ref="liquid_network"/>
    <file name="pasted svg 46118x46_poster_92.png" crc="4269193644" ref="liquid_network"/>
    <file name="u7103-4.png" crc="3855857677" ref="liquid_network"/>
    <file name="u7102-6.png" crc="4111358444" ref="liquid_network"/>
    <file name="pasted svg 46118x4693.svg" crc="3843556374" ref="liquid_network"/>
    <file name="pasted svg 46118x46_poster_93.png" crc="270714396" ref="liquid_network"/>
    <file name="u11679-6.png" crc="3759269580" ref="liquid_network"/>
    <file name="u11677-7.png" crc="4171875312" ref="liquid_network"/>
    <file name="u11694-6.png" crc="3759269580" ref="liquid_network"/>
    <file name="u11695-7.png" crc="420794912" ref="liquid_network"/>
    <file name="u3496-11.png" crc="4048704054" ref="liquid_network"/>
    <file name="u4239-17.png" crc="528800235" ref="liquid_network"/>
    <file name="u11534-6.png" crc="3759269580" ref="liquid_network"/>
    <file name="u11532-4.png" crc="4062596812" ref="liquid_network"/>
    <file name="u11527-6.png" crc="410137414" ref="liquid_network"/>
    <file name="u11528-4.png" crc="3874596964" ref="liquid_network"/>
    <file name="pasted svg 48533x485.svg" crc="3873692234" ref="liquid_network"/>
    <file name="pasted svg 48533x48_poster_5.png" crc="328473053" ref="liquid_network"/>
    <file name="u11634-6.png" crc="3759269580" ref="liquid_network"/>
    <file name="u11633-7.png" crc="49039744" ref="liquid_network"/>
    <file name="u11629-6.png" crc="410137414" ref="liquid_network"/>
    <file name="u11628-4.png" crc="4025076696" ref="liquid_network"/>
    <file name="u11279-6.png" crc="508048364" ref="liquid_network"/>
    <file name="u11278-7.png" crc="4168162187" ref="liquid_network"/>
    <file name="u11088-6.png" crc="4066099626" ref="liquid_network"/>
    <file name="u11090-4.png" crc="3781045593" ref="liquid_network"/>
    <file name="u10688-6.png" crc="991747" ref="liquid_network"/>
    <file name="u10687-4.png" crc="3794792572" ref="liquid_network"/>
    <file name="u11659-6.png" crc="3759269580" ref="liquid_network"/>
    <file name="u11658-7.png" crc="273874553" ref="liquid_network"/>
    <file name="u3507-10.png" crc="4131126517" ref="liquid_network"/>
    <file name="u4265-11.png" crc="4190035983" ref="liquid_network"/>
    <file name="u7167-4.png" crc="3855857677" ref="liquid_network"/>
    <file name="u7166-6.png" crc="4111358444" ref="liquid_network"/>
    <file name="pasted svg 46118x4694.svg" crc="227966809" ref="liquid_network"/>
    <file name="pasted svg 46118x46_poster_94.png" crc="306621935" ref="liquid_network"/>
    <file name="u7180-4.png" crc="286043092" ref="liquid_network"/>
    <file name="u7181-4.png" crc="4013723709" ref="liquid_network"/>
    <file name="pasted svg 46118x4695.svg" crc="453293003" ref="liquid_network"/>
    <file name="pasted svg 46118x46_poster_95.png" crc="3904382853" ref="liquid_network"/>
    <file name="u4271-9.png" crc="93306698" ref="liquid_network"/>
    <file name="u4275-14.png" crc="507979904" ref="liquid_network"/>
    <file name="u7199-4.png" crc="286043092" ref="liquid_network"/>
    <file name="u7198-4.png" crc="4013723709" ref="liquid_network"/>
    <file name="pasted svg 46118x4696.svg" crc="333104939" ref="liquid_network"/>
    <file name="pasted svg 46118x46_poster_96.png" crc="59649405" ref="liquid_network"/>
    <file name="u7217-4.png" crc="4291940354" ref="liquid_network"/>
    <file name="u7216-4.png" crc="339292452" ref="liquid_network"/>
    <file name="pasted svg 46118x4697.svg" crc="244255642" ref="liquid_network"/>
    <file name="pasted svg 46118x46_poster_97.png" crc="4173099988" ref="liquid_network"/>
    <file name="u11302-6.png" crc="508048364" ref="liquid_network"/>
    <file name="u11301-7.png" crc="4178924352" ref="liquid_network"/>
    <file name="u4277-16.png" crc="4252747943" ref="liquid_network"/>
    <file name="u7228-4.png" crc="4291940354" ref="liquid_network"/>
    <file name="u7229-4.png" crc="339292452" ref="liquid_network"/>
    <file name="pasted svg 46118x4698.svg" crc="296413337" ref="liquid_network"/>
    <file name="pasted svg 46118x46_poster_98.png" crc="3769266964" ref="liquid_network"/>
    <file name="u10754.png" crc="533295266" ref="liquid_network"/>
    <file name="u10754-r.png" crc="208921723" ref="liquid_network"/>
    <file name="u11860-26.png" crc="3947885724" ref="bibliography"/>
    <file name="u11862-6.png" crc="4161920443" ref="bibliography"/>
    <file name="u11863-6.png" crc="4279624900" ref="bibliography"/>
    <file name="u11861-39.png" crc="3955014865" ref="bibliography"/>
    <file name="u11850-4.png" crc="3772402142" ref="bibliography"/>
    <file name="u11852-4.png" crc="3990031899" ref="bibliography"/>
    <file name="u11849-4.png" crc="487636199" ref="bibliography"/>
    <file name="u11851-4.png" crc="334954066" ref="bibliography"/>
    <file name="u11853-4.png" crc="3789667793" ref="bibliography"/>
    <file name="u11854_states.png" crc="483687390" ref="bibliography"/>
    <file name="u11854_states-r.png" crc="4269967778" ref="bibliography"/>
    <file name="u11856-4.png" crc="62668011" ref="bibliography"/>
    <file name="u11858-4.png" crc="334947061" ref="bibliography"/>
    <file name="u11859-4.png" crc="3994842041" ref="bibliography"/>
    <file name="u11864-22.png" crc="286545497" ref="bibliography"/>
    <file name="u11865-34.png" crc="3973521160" ref="bibliography"/>
    <file name="u11857-4.png" crc="4282033293" ref="bibliography"/>
    <file name="u11855-7.png" crc="4062776269" ref="bibliography"/>
    <file name="u11866-35.png" crc="194949375" ref="bibliography"/>
    <file name="u11969.png" crc="4229152475" ref="bibliography"/>
    <file name="u11969-r.png" crc="27483567" ref="bibliography"/>
  </folder>
  <file name="index.html" crc="507953430" seo="true" mt="1453166222747" redirect="true"/>
  <file name="substance_beneath.html" crc="4293778979" seo="true" mt="1453166660349" redirect="true"/>
  <file name="new_paradigm.html" crc="242027743" seo="true" mt="1453166660349" redirect="true"/>
  <file name="new_democracy.html" crc="3899085227" seo="true" mt="1453167085888" redirect="true"/>
  <file name="connected_environment.html" crc="241943291" seo="true" mt="1453166660349" redirect="true"/>
  <file name="new_perspective.html" crc="4212628812" seo="true" mt="1453166660349" redirect="true"/>
  <file name="expanding_possibilities.html" crc="339157474" seo="true" mt="1453166660349" redirect="true"/>
  <file name="redestribute_power.html" crc="3982300137" seo="true" mt="1453166660349" redirect="true"/>
  <file name="digital_divide.html" crc="128756640" seo="true" mt="1453166660349" redirect="true"/>
  <file name="liquid_network.html" crc="4010390896" seo="true" mt="1453166660349" redirect="true"/>
  <file name="bibliography.html" crc="491817263" seo="true" mt="1453166064294" redirect="true"/>
</manifest>